{"file_hashes":[{"block_hashes":["DJW0xi6Wa8DJ0QSk326l7aW/Zj8Qkup492urR78TwgA="],"block_size":4096,"path":"css/avatar.css"},{"block_hashes":["65rrhpLiBm5g36R1yYWFlHUYO5IWKbURoAjxA+e+uMg="],"block_size":4096,"path":"css/catalog.css"},{"block_hashes":["rMqtmDBbUt8WFf9ouXWF9CjE9Zd5qnoWVhZWvOJR94E="],"block_size":4096,"path":"css/create.css"},{"block_hashes":["47DEQpj8HBSa+/TImW+5JCeuQeRkm5NMpJWZG3hSuFU="],"block_size":4096,"path":"css/create_dashboard.css"},{"block_hashes":["9hQRTEfbs8l0pBZTxa1L0yQmtf+sHbLX9/66ljFE/MI="],"block_size":4096,"path":"css/create_store.css"},{"block_hashes":["GNGaXdIv7Q4LbDzsB+XPmbEcZM5c7ZFg7lJZku7lSPw=","qmE1uGKUOr02bmIlPTyQgE0cg1wMONMribL/kbNscgU="],"block_size":4096,"path":"css/gamedetails.css"},{"block_hashes":["47DEQpj8HBSa+/TImW+5JCeuQeRkm5NMpJWZG3hSuFU="],"block_size":4096,"path":"css/games.css"},{"block_hashes":["5XTCZUU5ipK7Fzl63z+p17PbjaT9bAZwL0WdJnPSDxE="],"block_size":4096,"path":"css/groups.css"},{"block_hashes":["4sVBCTViNSnHQlf1ykU+AdoE2RUsjHpUvWloinLw4MQ="],"block_size":4096,"path":"css/home.css"},{"block_hashes":["zYfGww57D7ZNRH0YXdle2ZITT/dXLNMAOb0R215eL1U="],"block_size":4096,"path":"css/inventory.css"},{"block_hashes":["8WwXAaQ7pm1h9+bZ8C5TACV1EQuRH15X+QNRPnWJXIw=","l8H4wqMtFiHGNHy40GgTM3iJtyNKGFuSlvZcpN2KLes=","hzDRjpHVmWuIKpCmR+0rRq1cQY4M9TBwdOf+sQomrk0=","iT5EiyoRZZgGmIJrDydLeij6r98u+8zmt5yUS7uWdKM="],"block_size":4096,"path":"css/itemdetails.css"},{"block_hashes":["K3fCwUGzcVueySOAiY8qO0uRLCjshXEmDpMHAV4G1OY=","07JxDclr96mV12Xx0Rg2oOk7O3yS2ik5bgT5X1os5D4=","xZdEsKYpBkDo5keGZQvC4E21NYuteoBZN9k7d43SXX8=","JBaEUvHgo9M5OSd2xp3lf2NZ5HV0emBd88dc6LZxn/w=","OO4ewoXoA/RQn18EdfaOAMek2CtZQjK5H9Dxvn5p7Vg=","Vn/H7v7zvy0vEkr4SDhLTfR6+UgAXK4K46vP5aRALDs=","B8wHmq9Yi/6ZKZFgpqtIwhc6E8q2M/T4ZRi4GvXMhbs="],"block_size":4096,"path":"css/main.css"},{"block_hashes":["kxqrtKVkeZqq6Ido6YPDhc4bj58xTt1vkYPK1jb6ULY="],"block_size":4096,"path":"css/messages.css"},{"block_hashes":["47DEQpj8HBSa+/TImW+5JCeuQeRkm5NMpJWZG3hSuFU="],"block_size":4096,"path":"css/money.css"},{"block_hashes":["AWlZ29v8DVYr8WA7IkNiIHU4VtEJLDtf4mkzmlYBgSM=","8g5O0un5xdh6fB2xnWoOVPZ0wweCd5+U0or0hIpj04g=","JFSJDgd+pndJROEmCJejIm/+L+YOOQMb8Ke2u2mm34A=","RANiIKDtuMHO9fk7U09JgKjEsgUdvaAiFqb8DDDJYUY="],"block_size":4096,"path":"css/profile.css"},{"block_hashes":["47DEQpj8HBSa+/TImW+5JCeuQeRkm5NMpJWZG3hSuFU="],"block_size":4096,"path":"css/red/avatar.css"},{"block_hashes":["47DEQpj8HBSa+/TImW+5JCeuQeRkm5NMpJWZG3hSuFU="],"block_size":4096,"path":"css/red/catalog.css"},{"block_hashes":["47DEQpj8HBSa+/TImW+5JCeuQeRkm5NMpJWZG3hSuFU="],"block_size":4096,"path":"css/red/create.css"},{"block_hashes":["47DEQpj8HBSa+/TImW+5JCeuQeRkm5NMpJWZG3hSuFU="],"block_size":4096,"path":"css/red/create_dashboard.css"},{"block_hashes":["47DEQpj8HBSa+/TImW+5JCeuQeRkm5NMpJWZG3hSuFU="],"block_size":4096,"path":"css/red/create_store.css"},{"block_hashes":["47DEQpj8HBSa+/TImW+5JCeuQeRkm5NMpJWZG3hSuFU="],"block_size":4096,"path":"css/red/gamedetails.css"},{"block_hashes":["47DEQpj8HBSa+/TImW+5JCeuQeRkm5NMpJWZG3hSuFU="],"block_size":4096,"path":"css/red/games.css"},{"block_hashes":["47DEQpj8HBSa+/TImW+5JCeuQeRkm5NMpJWZG3hSuFU="],"block_size":4096,"path":"css/red/groups.css"},{"block_hashes":["47DEQpj8HBSa+/TImW+5JCeuQeRkm5NMpJWZG3hSuFU="],"block_size":4096,"path":"css/red/home.css"},{"block_hashes":["47DEQpj8HBSa+/TImW+5JCeuQeRkm5NMpJWZG3hSuFU="],"block_size":4096,"path":"css/red/inventory.css"},{"block_hashes":["47DEQpj8HBSa+/TImW+5JCeuQeRkm5NMpJWZG3hSuFU="],"block_size":4096,"path":"css/red/itemdetails.css"},{"block_hashes":["w9WblSOuO6mJl+qCJrdn/so63cmOUBxxI/YITWW3X34="],"block_size":4096,"path":"css/red/main.css"},{"block_hashes":["47DEQpj8HBSa+/TImW+5JCeuQeRkm5NMpJWZG3hSuFU="],"block_size":4096,"path":"css/red/messages.css"},{"block_hashes":["47DEQpj8HBSa+/TImW+5JCeuQeRkm5NMpJWZG3hSuFU="],"block_size":4096,"path":"css/red/money.css"},{"block_hashes":["47DEQpj8HBSa+/TImW+5JCeuQeRkm5NMpJWZG3hSuFU="],"block_size":4096,"path":"css/red/profile.css"},{"block_hashes":["47DEQpj8HBSa+/TImW+5JCeuQeRkm5NMpJWZG3hSuFU="],"block_size":4096,"path":"css/red/settingsmodal.css"},{"block_hashes":["47DEQpj8HBSa+/TImW+5JCeuQeRkm5NMpJWZG3hSuFU="],"block_size":4096,"path":"css/red/sourceviewer.css"},{"block_hashes":["47DEQpj8HBSa+/TImW+5JCeuQeRkm5NMpJWZG3hSuFU="],"block_size":4096,"path":"css/red/universeconfig.css"},{"block_hashes":["4Fo7k+ZmmgzveMjjewa6x9tnMi99PQR4itqO+R45roc=","vDpFxOf5I9hH/smu7KUzLwoy5cnPGK0bkr/6VRchke8=","2imxPz2XNPRB+c2QvqlYTmdB6TegsM6tp8EL2BJIYAo=","4grUM2ivhI7UbntnNt8nwE6BoGqzrDtxVE9A8LzSNWg="],"block_size":4096,"path":"css/settingsmodal.css"},{"block_hashes":["47DEQpj8HBSa+/TImW+5JCeuQeRkm5NMpJWZG3hSuFU="],"block_size":4096,"path":"css/simblk/avatar.css"},{"block_hashes":["KppDOvyDbOe7WTTlARcVabuAyni1WWWpQfnMJ2yY7Es="],"block_size":4096,"path":"css/simblk/catalog.css"},{"block_hashes":["47DEQpj8HBSa+/TImW+5JCeuQeRkm5NMpJWZG3hSuFU="],"block_size":4096,"path":"css/simblk/create.css"},{"block_hashes":["47DEQpj8HBSa+/TImW+5JCeuQeRkm5NMpJWZG3hSuFU="],"block_size":4096,"path":"css/simblk/create_dashboard.css"},{"block_hashes":["47DEQpj8HBSa+/TImW+5JCeuQeRkm5NMpJWZG3hSuFU="],"block_size":4096,"path":"css/simblk/create_store.css"},{"block_hashes":["47DEQpj8HBSa+/TImW+5JCeuQeRkm5NMpJWZG3hSuFU="],"block_size":4096,"path":"css/simblk/gamedetails.css"},{"block_hashes":["KppDOvyDbOe7WTTlARcVabuAyni1WWWpQfnMJ2yY7Es="],"block_size":4096,"path":"css/simblk/games.css"},{"block_hashes":["47DEQpj8HBSa+/TImW+5JCeuQeRkm5NMpJWZG3hSuFU="],"block_size":4096,"path":"css/simblk/groups.css"},{"block_hashes":["47DEQpj8HBSa+/TImW+5JCeuQeRkm5NMpJWZG3hSuFU="],"block_size":4096,"path":"css/simblk/home.css"},{"block_hashes":["47DEQpj8HBSa+/TImW+5JCeuQeRkm5NMpJWZG3hSuFU="],"block_size":4096,"path":"css/simblk/inventory.css"},{"block_hashes":["47DEQpj8HBSa+/TImW+5JCeuQeRkm5NMpJWZG3hSuFU="],"block_size":4096,"path":"css/simblk/itemdetails.css"},{"block_hashes":["MRZ19UtrLaBQ6zY/oa7PO4h1MNW8Po2VmZYbmAgkV0M="],"block_size":4096,"path":"css/simblk/main.css"},{"block_hashes":["47DEQpj8HBSa+/TImW+5JCeuQeRkm5NMpJWZG3hSuFU="],"block_size":4096,"path":"css/simblk/messages.css"},{"block_hashes":["47DEQpj8HBSa+/TImW+5JCeuQeRkm5NMpJWZG3hSuFU="],"block_size":4096,"path":"css/simblk/money.css"},{"block_hashes":["47DEQpj8HBSa+/TImW+5JCeuQeRkm5NMpJWZG3hSuFU="],"block_size":4096,"path":"css/simblk/profile.css"},{"block_hashes":["47DEQpj8HBSa+/TImW+5JCeuQeRkm5NMpJWZG3hSuFU="],"block_size":4096,"path":"css/simblk/settingsmodal.css"},{"block_hashes":["47DEQpj8HBSa+/TImW+5JCeuQeRkm5NMpJWZG3hSuFU="],"block_size":4096,"path":"css/simblk/sourceviewer.css"},{"block_hashes":["47DEQpj8HBSa+/TImW+5JCeuQeRkm5NMpJWZG3hSuFU="],"block_size":4096,"path":"css/simblk/universeconfig.css"},{"block_hashes":["47DEQpj8HBSa+/TImW+5JCeuQeRkm5NMpJWZG3hSuFU="],"block_size":4096,"path":"css/sky/avatar.css"},{"block_hashes":["KppDOvyDbOe7WTTlARcVabuAyni1WWWpQfnMJ2yY7Es="],"block_size":4096,"path":"css/sky/catalog.css"},{"block_hashes":["47DEQpj8HBSa+/TImW+5JCeuQeRkm5NMpJWZG3hSuFU="],"block_size":4096,"path":"css/sky/create.css"},{"block_hashes":["47DEQpj8HBSa+/TImW+5JCeuQeRkm5NMpJWZG3hSuFU="],"block_size":4096,"path":"css/sky/create_dashboard.css"},{"block_hashes":["47DEQpj8HBSa+/TImW+5JCeuQeRkm5NMpJWZG3hSuFU="],"block_size":4096,"path":"css/sky/create_store.css"},{"block_hashes":["47DEQpj8HBSa+/TImW+5JCeuQeRkm5NMpJWZG3hSuFU="],"block_size":4096,"path":"css/sky/gamedetails.css"},{"block_hashes":["KppDOvyDbOe7WTTlARcVabuAyni1WWWpQfnMJ2yY7Es="],"block_size":4096,"path":"css/sky/games.css"},{"block_hashes":["47DEQpj8HBSa+/TImW+5JCeuQeRkm5NMpJWZG3hSuFU="],"block_size":4096,"path":"css/sky/groups.css"},{"block_hashes":["47DEQpj8HBSa+/TImW+5JCeuQeRkm5NMpJWZG3hSuFU="],"block_size":4096,"path":"css/sky/home.css"},{"block_hashes":["47DEQpj8HBSa+/TImW+5JCeuQeRkm5NMpJWZG3hSuFU="],"block_size":4096,"path":"css/sky/inventory.css"},{"block_hashes":["47DEQpj8HBSa+/TImW+5JCeuQeRkm5NMpJWZG3hSuFU="],"block_size":4096,"path":"css/sky/itemdetails.css"},{"block_hashes":["BOEvYxP0PUXpVhb7dUChJDufLacnUhMZlC+bB9vmNDk="],"block_size":4096,"path":"css/sky/main.css"},{"block_hashes":["47DEQpj8HBSa+/TImW+5JCeuQeRkm5NMpJWZG3hSuFU="],"block_size":4096,"path":"css/sky/messages.css"},{"block_hashes":["47DEQpj8HBSa+/TImW+5JCeuQeRkm5NMpJWZG3hSuFU="],"block_size":4096,"path":"css/sky/money.css"},{"block_hashes":["47DEQpj8HBSa+/TImW+5JCeuQeRkm5NMpJWZG3hSuFU="],"block_size":4096,"path":"css/sky/profile.css"},{"block_hashes":["47DEQpj8HBSa+/TImW+5JCeuQeRkm5NMpJWZG3hSuFU="],"block_size":4096,"path":"css/sky/settingsmodal.css"},{"block_hashes":["47DEQpj8HBSa+/TImW+5JCeuQeRkm5NMpJWZG3hSuFU="],"block_size":4096,"path":"css/sky/sourceviewer.css"},{"block_hashes":["47DEQpj8HBSa+/TImW+5JCeuQeRkm5NMpJWZG3hSuFU="],"block_size":4096,"path":"css/sky/universeconfig.css"},{"block_hashes":["4Bab51hFnRHQEKy5RLZ2ErS2r4FkTPE4ZI6Nm1ViNB0=","u8J4xfG6d72tjjGWzBQnpfQ0qN0za83tUenwYbitp38=","r5GUEY1bIY3c5l2eHNlj20h7WwlOSfwzuJetMvY+WFo="],"block_size":4096,"path":"css/sourceviewer.css"},{"block_hashes":["47DEQpj8HBSa+/TImW+5JCeuQeRkm5NMpJWZG3hSuFU="],"block_size":4096,"path":"css/universeconfig.css"},{"block_hashes":["9QEXVuPfr3VmZbp6SPC/VNg+J1NU9ceenE4+Wy4vJT8="],"block_size":4096,"path":"js/background.js"},{"block_hashes":["8bRyrubhofUnY4d2dTUjZ3bouzA26rn+ZBunEUH++L4="],"block_size":4096,"path":"js/feat/adblock.js"},{"block_hashes":["8gJAyBPHlz27vxeoeSG140Z6sMJZ09pSLFq7+S1lovY="],"block_size":4096,"path":"js/feat/blogfeed.js"},{"block_hashes":["H7UeJtIwQanoZQp8ahUnLVH8Z0R7RlVM5FmsP4/WupY=","TuMaEYAHtDevdcEZlxopsc/oYRgFZCfKgXTDyv0vPEI=","wBHt9ZHPQVPLFRKBGw/rAC4uvtNwP4PYLGRRg/i0Mso=","WsNsTuOsOIpOJFFAcPav0dxEOYjnsOXD/CPlkfIiNRM="],"block_size":4096,"path":"js/feat/contextmenu.js"},{"block_hashes":["w1CHzgX2LnK5FnJdaNTihEzPrYTBljQT5Z5SNn8jzO0=","yWhQzaYuH4oIzhTvhAVA48f7X8RG0Gg1Xtz3abXcDKM=","uIFwPvEbjWiTML4agX+H83Xs29UDYZsuU6LhW7DxxMU=","S/EnTU9rduKQ2BaUNdQOlf6yvMuB9sc2ilxY2xQSYw0=","4P0YRMdk0Xkrh8El/632RcOpkA3yK53roSO0fyrYqgU="],"block_size":4096,"path":"js/feat/fastsearch.js"},{"block_hashes":["6BJl/tZjSSldRlYybxfXUi7GTm2KBejNmVOOHq9NhL4=","i6L2FRfGM1ZdaY0X9bMy5+qCGuGhm5PBzAraqa7TIxI=","9ydp1KWOYSh2W5o9qe3Ht3G+qxjnWDjzFjJOHkGF/YE="],"block_size":4096,"path":"js/feat/groupshout.js"},{"block_hashes":["bwZmGqLooHCAlx+B5NzXC+VVeDgM5cdJ1IwDhz76gBc="],"block_size":4096,"path":"js/feat/loadfeature.js"},{"block_hashes":["cOwGEmKCoglrRjuB1NHZ6TVrBVSPJK/oXtW/fALG3v8=","dZebFbFrRIyFuQO/DT+U4UPs8701ptmCXqh7OUsxxw4=","EQrnD/fgQ86nvNibov/KsLU9zxVyth2efBJKI7L3KmY=","9rzLOn6DMrZG84K6G70M8RQt8eyYWlld9xnJssIkaNc="],"block_size":4096,"path":"js/feat/navigation.js"},{"block_hashes":["9l661XADCAKGQ0na1kxBEnoTO1g8pjfon2rJsOWFZ3s=","gMruxDuk3kVmzfXGaO7x3yfywEnaOQaiIB9jcmFvY0I=","dKFAAtRkDYTOZ3T4k4XY+QhqdEcc4HpbJanY3+toaco=","1rl+Hvyt6ItxOffz9LTJPtIkJLPVgzfqhuf6u5uHhUY=","TfESMMmKnpvulFBsrbYZXQiXU2HSBsc6wmOR0o9UQ8I="],"block_size":4096,"path":"js/feat/robuxtocash.js"},{"block_hashes":["T/8Lp8nycxRr+9qETh6bX+u7PL+NV52jyT3+rJmZi0w=","jwB8zgO46uSriLcDqdS14U3m2b7YYTjmwH4bwYc+L3g=","hzonxVDeHnK6fHFCi7khTPyBR4vy8n0Y6gSc6y61Jdc="],"block_size":4096,"path":"js/feat/serverdetails.js"},{"block_hashes":["aEc2CvWCDvFDbSrqV1MoXAvurlPsyYzq/H/qv7iUqnQ=","R494hu6qb6rHyr1zve6Hg6AETbx67E6um8FRMennRpU=","/rPvtvKer7fD9r1SS4mYnJsDVxVhjzZEy580hMq9FOA="],"block_size":4096,"path":"js/feat/settings.js"},{"block_hashes":["2iIerPxTuNp9j5yq2UepHI5B+2yBiEJu9duH08jzhx4=","TCvLAU4K8Rg1Z21Uuy8y4pED3ftxRgGDN0dh5EjQ90g=","Xz5C+2qf/Kt7NkAXOhqaSPwj3huuJs0gpNEa3yf2n6c=","dklwKeEOUecu2QJlVkb54z1efDtVRYoUX0xYw4chSCo=","+RvEfKkFRgnv7MdQxY2cFjGwrGF9L2KPAzpyvWt4Xx8=","vEcwUzX074GmayOUZEzxhh7LA9F1DJ5D77WxeY3KVqE=","EqdBgAtjyxqM3SB8GRWRjppDlwM/RbTc6P0aBGyIYYM=","u/3sP+7OyHNCznD4b8659tnvOAcaO6UjGC/YkjYMqpA="],"block_size":4096,"path":"js/feat/settingsmodal.js"},{"block_hashes":["0zg46SQuHStt8meGNHchPrjYW9g+IiWJFwc0GIXsTag="],"block_size":4096,"path":"js/feat/shareddata.js"},{"block_hashes":["ieUCFMtISY0jqEnONAgO1wqDvbE1tZRkV2I3zVXpPvs=","MOxhoT81v7BG6LYNaB/Uq2/sIHgSJVX3dnmE5DDCiu0=","7YwEDG76gT+Pc8d7F/0SHI6YuRCSRNVM3NZOlU4CG+4=","e46xUOHVYz3jDlq7gAxyQcs7qQTXMsqtvlm3guaQwpE="],"block_size":4096,"path":"js/feat/sourceviewer.js"},{"block_hashes":["hGQuI5YTd8IPw1vijj091QPkci4agCrUCCB0YQQDsFM=","kD+7ivFsCCdyF3ULbMqFgR+sctZMBuCRMPkusifNUIA=","87yBoAGeoG6B24E+JecCfdB3JfRuMDX5lypugwo5nLo=","k4xFh4C7xBclzvkQxEQ9rIvCG9rdS/BMhtmWt6E0z40=","QiDq7viE5/4BmjzscgXWFodf0kxDk+NHQ/fPVJzVWJM=","T1he24L3JRBFZZpfTRAi3unpj5LWHRqE116Q7WzzHL4=","HWykhFUcCEN0mi91ZfSbXSORsnPRuL5VTn1lqZZWRk4=","sOc6/azw1XUxx1zInQTz2MslZvSiWBkEIdYDd+dKZ+A=","Qt4+N29rRxmPmJpVlejNHuepnwmzCc+ZNrcTBejUis0=","gNqKIgB267BdXZo6R1lBQkFytGFBVRtB4npTvXKUxOs=","6kEp4ormy7GHucf/VeHFLwfoPVDPnQszUVZQp+2/HJA=","yv5XmN0xo1v+CTVKqvYFNQ5m9M3q24ksUQuEQBb+AeY=","a10n4JmhIL59HvXK0LY/5F3mHpdOe6rbnAgKTjgtg7w=","QclNBcBLyJ+HvDOPSNfOpA2WFnkFwkQXCmLFG7z7uOU=","CzdDfMA6ifrwzrhLWA7Lpnd80ZL1WpB3G92gGLSE0/w=","k79birKoiPvUEzst1zPMvo6wfIgE1KgffTnXtClwg/k=","S6hv2/5KemFkF1AvPBW4DcN+zoCOfbtFZmVeTWSZtfs=","YCRNk4K0Pry7Hwe5VRyjdeVZgVqUXB0zhHmgGK10O6A=","KVHAfz7iz0o3vHUatK3yT1yLHB3Oh/E7b52RvzBmVHo=","jDAUi+1JeK2OVmEBeBlEXUjBjfs8x9415jQOH5LX2IQ=","LmKcj11vworgwvIdnEgIVILkC/l5yG1OLz+BvAM38gw=","mLMtGCI2X4JRH1s+gNlvlaeoXbw2fpHTgaLyyN4HXXc=","xjC2EjJZX3pZ3vErhfYzOquJh9y8a20f0HQvDcHaskI=","BC4tPf7Rw83pHWu+ZyQDD2sEKquFWjqstb1tTUluZKA=","TEePMzn5xcLFXQsm+UAtW1kcFxVQtpYaEAr1jHtOSck=","axJBlb99gPcyVVQvrNgVQih2zvinvBTTYVKCLlr8L24=","wXFuwD8FuGFOtNs7SBEt2+nJnALku9l6Zu+1nzBIoH8="],"block_size":4096,"path":"js/inject.js"},{"block_hashes":["6ZuE7bBu6V8uwQuy61UYhrFKVCzggy8xdWkOWtuCs5o=","Y3+uitn7bDmueqpzkLN8zNziiv8ef9CXrq5l1hP8JiQ=","zdJj41Q4mcK+2HitvdEcr8tjJZcRA+cB3Cy59cWfkyY="],"block_size":4096,"path":"js/main.js"},{"block_hashes":["fjuZwOZ37ANmYFgbktOIEDcOJeZaL4MRlzBuvR4H0lY=","Rqy0MKh3Qf0XqoHdNuyeiNgSia83L6R8U3bUx3ghUhc="],"block_size":4096,"path":"js/pages/avatar.js"},{"block_hashes":["mxSmWqZ4Gcn6pzTmHjcDB/ltjwW86Rytg3vE5+5klhs=","s1OfV1bUaQwc3d9TzhGmIIRCn1u3VP4I+QJC6x+Z4Nc="],"block_size":4096,"path":"js/pages/catalog.js"},{"block_hashes":["lM8vaJttCXlfUfWnytvwIRlqr5oWG94vcE1XBZkC8Hc=","vU/jpneV0ytRTgDYXlQd3ATTwDPLHZFFmi8ajO8m9gM=","/vuxBv4xAFkvcIwBpucPO/D7HxsImVJw9ryb7vr2QUo=","UhbRgh3M7iXjG/d2bI9jYeKipWRsyO87ws7Mi8fv7lg=","14pCxEOuVgC4QRN5TuhY1eGzNyQgU+4dWax8HL6geuw=","PAIh1JUOnVMt+mh125PnZn6kdB+MsngsQb/xsyw7ua8=","jvk6s0pKL5zsD/pNXH1bkJMfcKBBi2DD7iT6BMzwzKA=","OV/hzqRvKP3OwY48mvOVnkqThz3hUznnkihv0tI96SM=","S5y5V23NRisozXLmqZ5yaxhohJelk14dmwVjKE6bprU="],"block_size":4096,"path":"js/pages/common.js"},{"block_hashes":["O1/nLMo1Y7AB02g6kBhM8qyKSQjE3utsTs7ATL2gjww="],"block_size":4096,"path":"js/pages/create.js"},{"block_hashes":["zOl/dBu1SrsdiBAi9KICkPnzTYqM+zr1sUNJqGSkD7s="],"block_size":4096,"path":"js/pages/create_dashboard.js"},{"block_hashes":["X0EvLYHPtvLkUzx9bW7lNFRaszXp4X5a7SxY+Nh0C5k="],"block_size":4096,"path":"js/pages/create_store.js"},{"block_hashes":["3rjRNa75gLmEhVagSCX+kzp29gkh/bQCTNDpueQBrrY="],"block_size":4096,"path":"js/pages/friends.js"},{"block_hashes":["93Ahf/jEuLfGxDKmbL4c8U2Z5nljvCxZhEjKgY4W3dw=","xHWg83A8JqsPGH4SyHcQGBdwNOOxhRAl6teYDI14sRI=","fRIPbaIqVVJuP6M5Yt1x85zunztannslesidNlLF+T8="],"block_size":4096,"path":"js/pages/gamedetails.js"},{"block_hashes":["lL7GyyP7yWwLLwi2QWMMd/G613mSlAnYuNCk4PQ2kYs="],"block_size":4096,"path":"js/pages/groupadmin.js"},{"block_hashes":["L9uUthy1L5GOXsbyTnAhfwN1W7K2R6FeRw4nCQkUNHQ=","+q98bqVCcJAB4n5VS1mBEl+h4rxHhIObK2fFuhMEamQ="],"block_size":4096,"path":"js/pages/groups.js"},{"block_hashes":["QgY/bQI+ZJwWqecVk0uY6ZYf8UTY26U2qhy3LShRfv8="],"block_size":4096,"path":"js/pages/home.js"},{"block_hashes":["KzVFFcPRdp/Nanoaer4qiJlrU3zrmIi+RrNkOYkXND8=","KYGRWQL3P/T1BeXPXhBNyHoCurA4py4Dta3HrpYaIbw="],"block_size":4096,"path":"js/pages/inventory.js"},{"block_hashes":["7ugk7VJ4Okljv/dWNC3mB8qjwvZMLdJqTYCmVlpYtSM=","tityASemkpVE3ldi/UMGhfk4so2yCTneWGwhWuGnyq0=","McefaeCd71Xj2hGGENYtT9Ez6BdBtZK2Vupv9QP+UnU=","0FYLWdP2LFJH0H9+ASlg+d4IJ2MiM3ZTR+W5cdYU834="],"block_size":4096,"path":"js/pages/itemdetails.js"},{"block_hashes":["wBRGeFeDVmmKisqU2dpFf7D9zIRbOUl3LqZeyFTwQxo=","2WQyfuY3kxKQ2MC+z0M8NpGEqrkkGAdfdueI2XlEUpQ="],"block_size":4096,"path":"js/pages/messages.js"},{"block_hashes":["M1wdfZYWNO8MU0ErO5HR0M67VIn9srETvfJMbzJLRNc="],"block_size":4096,"path":"js/pages/money.js"},{"block_hashes":["v4MVrdwnWKOmOm2rKnVtBSohp2sF2zh5O8ZLppvu2YQ=","/9JmYOV5wQSppuiZcocPJF45Nqrf4c4Rh1mazloTeqU=","uaUpoHDcrKizNRbewIgkA5o1o9IiCkSITvB3pqiWrh8=","Sqee87/SzhO6T0EPBgWiVqlHETidbX8JlRJP/ln3czI=","uhxcVHckqazVNWgfJRmZVj4detUO3O7howUuKn0avBk=","JZ2uxw+X7T433nYCCVP9eyjoQQL1LAxDq3AYSoUW8Qs=","Me+J9kDyl/KxxwUTRNm1Q+o4S1s8zaXjklXN+l1rjS8=","Qr4nNDsPltF+If8/SpdeVq3g7bqINC2oABFDH7MiROI=","W++vVAkBGYHA21FmI4tMbogUAUkJCTxi06/vAo710Qg="],"block_size":4096,"path":"js/pages/profile.js"},{"block_hashes":["z0XgZssvy/3HqeqBZaN6OtdAJzKKsAas+IcHbtDztOM=","PxW8dBwbVme/qmNWBKEbcuUlW6CdJZ5c5cLgNs4ESrU=","gyBJIpL/yIURTMrgwtB7t8L1YDFhewq3q26lHTkfTcY=","eSnr4aZVzdD/ooLprNdrdk0WJ/OqIAuKSWqRVBW8Jfk=","QPRq6KLv7U+kR6g4XynCW5wugy0BfwypOlo9XPlsUlg=","xiqj4JlNcUAlvj3OgLlVUlMb8hZnvB04MBcQ8ziJr40=","MiZ+3ihhwjSrpTsTDwtf0zQmd4A/eIwoWx0UGkEEHfg=","fc7XG5V4RhJ66yksp0VCwFk5Jjx81zcta9wCAzo/iiE=","ybRGdyZ2k6gpcj94ZXE9nEgKill+pvXRDn9IXkfVYCY=","yT2ITAnrZs8b1JjntS7sjZ+l4FCxSzfoFRciVFGoERQ=","5bIqQrw94pkEOAuiQWtiuYkmnm0RmeWX2Z1HWHJ16KE=","OM9TNFcBOY7tjCdDlULtCiMcA8qawN3QCY3pERnwii4=","AHlKv6kBzc5P6OgUTdWYmQJlt09gClHBwHajufzK7vE=","abh02BoKhPiA6xZlf5ii7xwJaurAd6t6/Q4VUdAIqzU=","41Qt0Re+eDnksecLTEqsT7VQxah1ivPV/aMV4enK+yk=","l/ypKs4Ox3q85GvRdO6A/ru2JBqlN7w64NtfwLygfIQ=","ayB+qWxdU5iRqwsHfQeVOF0KQzB54Wk2NJ7EIInkNBk=","kKFeb0ALQ8MXDccITjtbmT2A+c/pChyMaYpJ5h8Y38Q=","E/Xw91hPJVPAaBeyhaf/VCe4GxHb0b28uQnQ6QZNl1A=","d9Q+N3HdpJViZxxSX3zb/iCfxjZDtEnkXoq+Zew9U24=","VRcHXSqHTQ6mMws+NSBZ2aSgT9rohAri5n6jSRFI4fE=","VQMrNaebB6xRviQgLpL7WqneiAxc/cQu9PXVQljHAeo=","FtovxrsmtVRHJ660TofAew6fxzdT+uh7kiNw9t5GV9M=","cwGalFyz3PPrv+rrOlbnscoXT9JMcjHqzADuV1bky5I=","wZVeJhXwhPNtehmLzV7j/BOHTO5FCEkJthsRTfROIGo=","Xl7F/faO7ydEmxVg6fUp+FjD6ETMD5yU2fKbuW01kB0=","0Re0dKr7hUaQH73oW3lP1mZp8oun81GgJZ9NrhDBq8Y=","he7LtOaQo9enwJkckdIMuzK2T4Iny0iguXpmR1Yig/s=","a1FFc3xesyEd7WFCd9Y9eC6FpYG08Wfl7UraH9/GtiY=","JEcdgc4q19ZlcT3uX+o/tjPtren5C8haU+RrbLOyDGI=","OYWGE2zQfCSNQgZ3ZaWVoU9yID2sHdmgCdFkXEwWkEY=","fi9gjue5/lnAZEHcleCqZ/zRaOrDdlll6aN52ZxcD+o=","q99n9hFZJFNJP2Y/hTArlHwIQQvyXB7yJF4Zz57w5mc=","fEy2OhmK2RgbjtvXI6VFwtQY9A4K1H3UycoMU/T3GoU=","u611sIFQekBJrbsDtyTGbhb9utvb1U8+XKZsxQ7NqGo=","qGIdeq8q9Ze0mnUc4+bnxcAATCyd1nVa3jS64Fygxuo=","uBYV3hD1Ye11Nd9yo6a6RxU4ws0sj+Ps0w6UXme6GxM="],"block_size":4096,"path":"js/rbx/ApiDump.js"},{"block_hashes":["Na3dtW7kFZk+zDTGwVrhjliC3pziGcTHOaVL3XbrfmA=","D1JsUnYhWvczKQAJzhw5FUiO2KSD6zL9izr7FpqdKU4="],"block_size":4096,"path":"js/rbx/AssetCache.js"},{"block_hashes":["ldrjiPvgeX4+4xrbYpUF2mIEBfDanqBX7H+Ad/7d/r0=","zuryctvf5Fy+Kv8Pc04oHdJbhUF3F4K5oeKvMlBVm5M=","CKtvitvT+8DzYkY2G68bIa6iZFBDmYh3fmyWaV3bJIQ="],"block_size":4096,"path":"js/rbx/Avatar/Animator.js"},{"block_hashes":["KoPeu4txxEV/4paj/yPAinZMtprHzfSV3u5d421nsjs=","QMwe6lxI+kiiTYtQ5veAkP+en7/YfPCo1GOYdWoZBSc=","vwKd5Mr85VKxLLVJKbJBUbijNqsPVh9EAFfTeqKU2cU=","/JfjTaXKwipXK6BOyJ18eObmGef2FavvKXkETN1Y244=","4UjBXZ+4ed+uyOTfKSYTDYRGi1WT3SDzcaxPYQpvu9o=","5e5dxcS7KHMPtoSmxvK9Fc6YN78VyJKIaBZrajB+unc=","m4RyL+FimMaeDtPS81K90SoeI9drxg5F8dwouOGgE/I=","Qfc4odbhpqgiU3bVe/Uvb9C+CVC3GpQJQy+gwOf3JSg=","2RiYuEKVKpBzBqTBxyBd6UZUhpM8ycrLnGjxm4WhPVQ=","TIlGgKztQdaPdojIBEF8Olg7d7XNQI6N8f+PHOKA21k=","Z85zp5/n4qoqH6k6hzO178wZxoFgJQH3avee2MpBy2w=","4zo7Z0gL85WzOBAL2HTP/Hc2glvMPP7wAi4oZGPVVJs=","StYrKogTugokgA8s7WoKMZHR//Q+TB7DGK8hDyIS9cI=","WTN3UqGVw7cIE/dhtkMnDwZ/PHZnIjSn+1N8ChtSaZc=","v34+gkbxskYqfqfPGNJqXrufyjVbK+V/nhmSDxE+ekw=","ooC2Ip2wCZ34L+qar3JGO6pO7CHEcc/KWWgvZd20xY4=","WnDkhN8yvsoIB+Ro8/Vs8l4K96MhjtFlom8hnLa2+/U=","c+K65p1mST0vffG5GR32XxgAAMKV1ir/GMlWoXYQ1bg=","fl+5EPg9HEVdnRrnxl7VubuLjSubcoAVQ/VXGR+HbXU=","M9jOHb+BAIvwryR51PqO9d3TeYgKYG5cLxS8kC/UEjc=","ZMiRIBNF+Dqsr7yE1cKlw6TB/CHydqFPInvsBjCDOVY="],"block_size":4096,"path":"js/rbx/Avatar/Avatar.js"},{"block_hashes":["1xTvhQ0yP4RUQne7+g7lF2ge1kXoceAOlPHBXd77B2M="],"block_size":4096,"path":"js/rbx/Avatar/AvatarRigs.js"},{"block_hashes":["9YJKPgHDsFnBbzaanj3ASDVAt4Ex4leZO7oYq0jgbDE=","N4xWqRKOuaIogmq9M0FUX+U3TunzldyagBHvLx0Cq9Y="],"block_size":4096,"path":"js/rbx/Avatar/Composites.js"},{"block_hashes":["uf1QLsnufJ/9CDKajoiZTBjUpR4Y0wCfa8HFF8XqUPw=","V8moEeBMqFYlqkD49FsyMy2dAp3X848LQsyiQqvimd0=","fBbOhH9h4w4p6gG+Aug40ht0MgZFEvflASgtDOKahtk=","9B4Onqph8OUHoySU/R8/8Xgplc8IKZtViWinQaYNRpI="],"block_size":4096,"path":"js/rbx/Constants.js"},{"block_hashes":["CzdH+av1+6+bi4zxogs8Mt4tC4EE/Po0tomtOETWNss="],"block_size":4096,"path":"js/rbx/EventEmitter.js"},{"block_hashes":["aXWjFn9lAZLGaO/Naho7Fga8i6rvfEuNUYi4k7FGrO4=","o0KetQ2REzmxiyXaFvP92QHGGkaOsGOb59MIjC0F4j4=","sQIRiW0y5qnQFPuGk6w8lalXsoAi4yqXxs/AQUDhAtE=","M6gSowkwJE5W6qCaM1djAYuLhig6ICrrC9bZeWyjS7I=","qUTRDzA5gGImnb3BCcVQxbMx5m0mYc6hvnBE7LFJjyE=","CZhXNl27h9xGXT8gaexH6hLhQz3qbmZ/3SDiCSmogp0=","l2P2AzCiNo5o2P4q3hJdI4Bg08B2D5PYSWwSBMjAZOA=","8sP+M2A15LrgksjNG/VnMOC/xYgxPckN3zEmcksGUL4="],"block_size":4096,"path":"js/rbx/Explorer.js"},{"block_hashes":["gWITJiq1qGh7z3wi5tlkr+c3dBOeOLvn8pUMQphsgE8=","ib6H4Acq43gJvGWfMIGnFfUAjxnZdy5Y2idZzpNe8As="],"block_size":4096,"path":"js/rbx/Parser/AnimationParser.js"},{"block_hashes":["DLhR9/L00g1uVOitGLRKTdVd/XmyrGpfy8P1lJFVK8A=","ZKILGFhAgc4xFDK0QCRsrk6pJUCeADxJU6OWKkmfKxo="],"block_size":4096,"path":"js/rbx/Parser/ByteReader.js"},{"block_hashes":["vY4owq8gru2t48RO1J/3bwI25XLpQQFJ1QBLiAuNGJw=","B8/WaBIjy3Ew5DRsAAtWLZwV45lJmhLffsmp2baeOQc=","NrIfIb1WrECIZxw4KqoZmmLUBbdjVv1hhHya8+c4LkA="],"block_size":4096,"path":"js/rbx/Parser/MeshParser.js"},{"block_hashes":["K5M2Gda/89UTMdJSJkjvVbHSFR1aRJBZixymgQo7OOk=","O/q5tBirGiIJGixHktE12+i2hw/lwmbfCj3RcJtbjyo=","UK46YNg1a8d+p+IjYhQay6ImTE9d7M5m9Bh9P1TzoQQ=","vTnJ4UfPlu6Puh85yTKQRNgryMRkZcAMXvdWM7jLN7c=","AL8xlDAB/tdg6t1Y+EqL4MkpjSgO6uDRJ/4F0PNxLYY=","uoV9x9UQ9JBAaiwgeXanOWikCARgSzS4rDWlTPPidD4=","d14JYbTPKgGwUVXjWNsuTvx+ZHEeI4qwMBCwPCIQU0w=","3qls3cYuNJZWjl5mkWpcI7lrxFDYfpXXDEJnLNf5QsU="],"block_size":4096,"path":"js/rbx/Parser/ModelParser.js"},{"block_hashes":["BNc0DRJVeqptIjSIly1xNZ8o5wCz+wjQbGUJ0Rlr1UI=","L2xS0uT40klqswdffxpWgQD9Xp6YgwoPUuwJ00m1480=","Spmtt1imYXDvggCqocRsUsj+cWF02cQYG9y5WS/Mur0=","dzu5jj194kjxkm9ADQKV7B1BpjfDf/Z44YZ4WO16oIQ=","TCroCopiYhdA+BZrLOiqmyksT0v6sGXw2fU6fJM+tls=","hnq4NLEwnMcjO9kFlXGIS7iH5nzkPuwJQIMoNj8Y3KU=","dvYhKp9vak3MYj/P4OQ9INYGniKaGGzvSJZAy4nBcf0=","FCme9VH1iw48iIz/aWUOBzy9ZLxvXHg1WQEo1nV5lOs=","pxlwxDHzCppil/H+VlAbtZl8WWhlkSjXUnPKWG1N+F4="],"block_size":4096,"path":"js/rbx/Preview.js"},{"block_hashes":["GoqynZlXNVo+DE8dEr1MgBKdv03Z6XS6P50w5PUi0Bc=","9uOmEAsfHSQzotlueXL2mm3QwxsFRoyuADmhVspeb4s=","75fvJkc6DDnptMNI4lhFB3UxpP/REpvJyVh2cGrmbC0=","+sycaZ3TUiUX8PrRK7Ged5jx9f06uFtHuESTy47XSRw=","cqfPMj4KRopYH7GTjaKzznvaJqdJwcoMwWPpnM6lSlY="],"block_size":4096,"path":"js/rbx/RobloxApi.js"},{"block_hashes":["2n/kejUkySTU16NVprg2k5kAmte6wUHRc644JwWEzrs=","E8UB9PtmDPmQl29xMdOG3oV4nOeJQaet/4mP/6x8ukY="],"block_size":4096,"path":"js/rbx/Scene.js"},{"block_hashes":["+snMUDJgKc4YDk0so0plWMLL/qng60qfTQbGj7ZsDUs="],"block_size":4096,"path":"js/serviceworker.js"},{"block_hashes":["EUgUp4jUepX4IpRgyVyWx9du0CdS4aQxr4OgeKc4ZlI=","L7o2AV4VJD+v1fpG/DT+zYZV7uWdCeNGFLU/s6OSjok=","Y67HERq1eWrtVHzvaSpG+YlKQ90Y8OpEAx3DvdCt/wg=","tr7FEbwv4j+igwQacB0B1p4HA/J27MIZf5sZJ6fRSFA=","BuSEW+y2opgY0ORsx8t+f5ls6nFuebJsVYpUUTryvDI=","r+72d2fDw+/gHAeOiOJhOFfbSyb1QSjZ39D5kHZ+7CM=","EjFqhVIc/ku7WWpcW3yTo9mZlspOtrc+rrCiqET3Kn8="],"block_size":4096,"path":"js/utility.js"},{"block_hashes":["25DpQxoZ4pCvZYWOaZ4nn6S+tIIyezco0GNZksFfV4c="],"block_size":4096,"path":"lib/LICENSE"},{"block_hashes":["dacB4OVSo797f9+6p0+gBzDwJXDT9KGab+NY8AWPqlA=","Fu+3bTrE2OtXQdOtFZQsleyzbs+RPOTzcTKHpqEmlgw=","2la33iRrBxTpS2pMltoFBWyl9lFBUWbMqaOa5bBdkz0=","J97tuLci4eH/0ntg4xTuT9+2BOscT6jabPZzo3rqzHQ=","gg/cMbAJnpogN3N7ltNsEpouv7F1kR/fqWWPHrBAnnc=","w/seelchgHcCokYqbM77qYr6VGykwlnWKfayh5Rj/PY=","jOnd9Js/iJilV0Yp7QzMI3XXSYvI4NaK8XVt1kswLGI=","rFgrG6YBjJGDELr+aOBeTiXXAO8KUE3LM8YRnrHBsek=","ZCqfI1CHXYjudiL05mA6UDNqEQO+paKTsKQ6Z1VFkP4=","Tr0eTijvse3y+SFRq6YFLdFVOdrk1hN/AtkQmBnRSGk=","SBvfSJ3vCK3hMMPEL8OaCvkTvPAoZ2QxpjDjLIamFSg=","8P0XedV8EzQ6NtQwvDpGXF70bjyQjEiDS9xRNcq+moQ=","4QPYBefgkDq0sqPrr7QPnlLxSZasyHfYZPAufPqXz3M=","580Yodxvs2IXLPnjOErGNpRnFWeexUOEdiAGBrCQCu8=","bNjWa4NoHXQgBA7N7yDWDmzy3+OnpENYrjn65VfS/co=","8lG+sbjhJcR5wVhW1tv/mHsko9jC9ds98FvOxzkJGh0=","etpIxztPEWONDQsvimzmsI+KgqBcru+Dam0kYSN4BSo=","M8cw+pqKOYnZqDjtbuDWSQb80p7mLcb9Wq9qSCKPJSg=","MxGBhMTLAd/cwXDi7FPP5/4/+OoVhzOBEG9/uD9gqv8=","yepkQcrxa64Lz/kMM0yWuBMnVy8zhvmfYq2toTwtIwE=","xsLk+fioMr1ey8ANeeP1Di6YDM2WqcP3O8yuxkFWP68=","UbhBtLji7yCU/1p/XyewuO6dfzPtKwnEfkSoODT4Axg=","e9cFpCSGVZXqXKxJRsHWzxQVtkGEFkS6X8swnxcJvnw=","OjKq6QqR0I1FKsVoa93cZTEpeZjFWs2Ja4GakN6JPP0=","2Ic5Ctomkhh315ntST0643aX7pqY9UPuf9SLpBaUHpw=","17g2md48XUflMwwCF0DmcuqtPW3bEH28TPkrc8Iq5lk=","0lwXSxxyTmc0gvXFskB5jvTge2ABM3YYhqTsBiWXqHg=","ba721Y0UDvh3sHp3l76r12kzddt7/ok8AeafVb4wwY8=","Pp7xDJ/KPncAvOCe6K0gksVyWeHE8p2fo/QU+iMMhnc=","6PMFL5UPeLwL+qFOKJfcL9zCIunTu2wXzsxBHV37hfY=","nIDqaCisOMxrA8/UTebHVxrHd41o0sqB1/cTx/MIzro=","r1/eW9+862PUhcMYu8zAxWyM/Ck7HkbL7+gQBQG76iA=","W8iHW2r8wkE6d3jgy2hqGywmHVMY4cSw3Ap9fcpMfxQ=","mwGlKnHaxtfOrcTEKmZovvuTKQg2XigANJ060wyhmfU=","BcXjY+Ofuhq8wCunrlQNrehHHaNCI+f18XURLGEowvA=","U5n0FEiNJ1LM4YTxwiRq3goL6OhoGvjT11ioC02e+KA=","B2T3S/3jHK5HwFe4OlFFb3FtDYWi7QclA0uVZGMaboY=","RiSvVWH26gEN1HdpjK51w1zWNlFOud4sHFZkoXdIpAM=","5rLzAVDL85tzwWP64tznL/6D6PBKWoijZeXIr+42XLg=","Xmc3hTh3PriGPfJj2N94ypB/arKJ5r+Vnph+fxODL1E=","+GzTzuZ//5uakwlgwpavYk+LfReJSx1iuyRI/9t+xF4=","2W42z2NrsMwX3j3Y518E3cDP06RvTH7UawCCvP4KA6U=","y7bGe3qqQ6b7q9RX0PHU2tUhm47rfpaXnHMnYCxFcLw=","ECfq5Ms1L1jDWdRyz6uEmc5bBcVfcB6xLDHcxMTTTIs=","LNlyKm4Msq93vgCzLHeIpVAhfx+cJXJFqMJXeobE/YE=","SuhDrE9FozZIbqxywvPxCAKkJgnhA2KHFtaZOKties0=","twAtv2JUfhTGPHF49S69vmFnNVE1knJkaKoIRrU8I+U=","NF8sahmrRI1z7DICA02BUbgCfP4Zcn0vNyyG6sOmWsY=","/O53AzwLPQszm0t1xksGxnH+UbjNXThRJZaijQR27qk=","nVTT0PXhN1wzRyDmoRsENZ6Ed0uvwk865//Y4vqOYxw=","sNXUM3nwD5KMD6YWSXm1PDO1y4TAc/8+AaZ9sGFSRRc=","uul6vS6U69X3Q2LjGTqVVLIbwei8AbWopCR4E4g0sJo=","cYD1UnUjTajSo3QAJwYk229mAJWQyXxlUifrRk1E09Q=","6rgmu1uRvGhZdwKG2rdWHDdG+5CiYyUhvvmjNA3blHE=","I+1no0+MSBsYTZVFVWNnkqwrtyqZRqLMu3xANecUPb4=","lsAkq+TOIj88sndGIuvHfUDwY9S/rzhM8YX9YWVUmgs=","bN5BuLLRxTLVm3WvCPbJvqTMg3DsF6o42lVFVWztQLY=","QtTmAJ9Uiej3rGA7Ac/kGxQZeD+ZRL1UxmrnNlWATM0=","d7bjAdHwAthpI7DdV1JtLeVqCL+YwEQfj7bj6Q71/VU=","YKqOBr9VD+TaQJJprGw1Fcka0GAgMnTugQ6vnhy+sx4=","wYBjInVMvlx0vg/DrKX6+tZJoBaEtJPKF5ULzf2ePhM=","lDikN16/wcmJnh6+sITvw0NfQfMD0m5wAFqdrjnkQrs=","0v3BDemxpUf1kpGuQA2RehrnDQXge0T9artZ/qtP0O0=","mYGpWSzCmEfEn4aVZ4LQkOQh6A3KG00wEWCH6LBIM/k=","3PiHyDnhyOyP1B0E6XCub8ccIPT/hyK4yGY30FqpyzU=","b85nvCzW5/jrySvYJwCucxJuE1jSRvBIDbDYHgtGO2E=","Mwf9ftAB/lOx8ZvVqTumsW+TY6qUuDD2dgYzw8ZY0mA=","bXnfHkicKnzWVZogzSpcrQHC6p1+s6qb3q5uNDHJl1Q=","3PtneCQqFtto+MKFaLTWbMeI15JPyLN+Z0O+lNuaHkk=","3s/2DiJsDplk3tDe/MgRnJaQc7/YK8Y1bFyZqR1aRBQ=","kpIlxS1PqKR2gdskpJ7OOsXO9A89SST4ygWhfpmr05M=","vGBH8MidSNworkdGxYlvPy9v4e9gDwIZJtTWPUDideI=","3an8SBXewKTXH2vL6dmN4GmiC/OMZLUeyIOJAUb3wmo=","4GDjhyHDvRjnG9tR0U7/vjV58xUb28BcUDGcxyCinxw=","D/XAR9q+lxN11qzFJlIFLOF/6YyX36Yb4PaC1NF8km8=","TRThG48NxMzgOZxyDTm9VHdLZViVMKj077sTx/AOaxk=","0wxsB7CTRBGhDBu3ra/gEVOaEszf58j9Jk+9TOSpXrs=","SmcZLflcxFxw/v3YKB78+XX8Ba/cLYWOh60uc96mFQ0=","GI7DKdXekC/UMZS8GMWQsKUgpKMylPMCfVxatoQJ85Q=","+XAffWbPiEH6WQpR4tbYcP9u02Mrbkkdq+CXAvHMwck=","Shq2myxuXEYysP9Fjv6X68wmNOSekYABljZiTV01LnU=","+5hw45Hnoru2T4s9X8kYK2sruB87OyeqWbz9gKi4e5w=","qCEUW+pL3mAUIUXsjA+ZFqaO6DzQXHZZHT3BEX6y8gk=","E+J7mHpJ75WEBq9hs2vtAG3DQpsTA8Kue5a83RyJDO4=","UEQhvlY5KcvJ/5uZZunQWhdBEJoKDXfsC7qvw7og8r0=","pVIZ+OOkX2r8QcChELI2WTpR7cWSepX/47/n37vZATc=","wb25MmejSPDyYGv/hFYu4wC0cYyBHEFcMYfUVtkviN0=","dMiT0fx4DYzo8hNJQXmVR/WDx8veyXOZgcFiFdGHjkA=","2iTBB4Y7zfj+uZpDV350XsaWgk03isRLEedsManhj/Y=","lJJkxteYYs5LxpabxB45NDDx9SCzB/f20FsuBKHKvBE=","dplKVnKs/6WTMb/akJYY5XgPQePcwoiKAGS1xFtBiFA=","WohgdaKqYifgCSUakq5uS+QB1peBH1TmSTiyUgPFzwU=","uT1oOANYTIuka5/BBkgQg/EYbB3CwJbrXOLlp21Zso4=","ti+nnRqheyosfa1HRZdR0m0hTdVBtgijrSliIQbP/iI=","ZZG585CSOkANbBsy+3kNF91Hm2ijYcJygm+lXo5vdvM=","b2VI8IlFoFpVee9Z6m0uHkERlvs6w+GY5yWKfiRJjWU=","N6dHRzpo/YCSFYbdhM8rwuO830fIejr8pJveKJaq37w=","cLkXwJeC73hTGQD+OnweT9gORLKJICEPE5vvKsz9sWc=","cUu93El+TCMI3Tgr0w8btuG+e92GBKcoMlyJnQOthjQ=","yNCAblQW4qlzoKURkdPWzmmY9sRJWPc+od7yc5QBB3w=","iK0siZXaACLeeKpmEAP4WfgEyJ7tT+ZV8es4g16HFbk=","E9yPpFBh36jKllhX529CMSq2tc2ELqgfjnAeWscp0/U=","Nd3pnewLZdbQLzEGUKEF9+NF4LQzkVjz1tk90mpOexE=","U1rAXHx6WO2PyZeWME1Xq0fszP9dxwqUqVnUy56hbBI=","2lwVHpGcbCw0HfG1S8ghL8U62O97W2pBZgFgMXsLmfU=","r/nTlQq6aUeoxEwFQENAHFUevWBqw/h5hfOKwfyInQ8=","2KgLhlrEgaVC4K9kgYK5aUhTNFUReb8QfQekK594Uxo=","0yqAixjcjFtYyIwBeIpo2Fmc1HSPo6UauVzcZDPqt08=","CC5JxUmHxvcN0rvgkyW2pC3xJaVuDAUgGlVLB5i7zsg=","0/5HqURSf8JcT1jSzsrss9S9cEZeSJv8dYi9sLubLTk=","NuzjabFBy+lLWtlDY8j2FfcNiuyTt3lo5CoJ5aaDPIU=","ECCimna5DXPsi+y2NYVKd0tXLTnI7eK/BB8hRB1f7XI=","9OlwMJc3KUOxoQBkLLEUoXydyosBIXfF9V6/XXR1EZA=","HeuZgD7+DG6S2FfI007swYHaIOtxOK0i7ZyqZOyU5Vk=","Jk49wbQimE0Ya77gSXB81IESHnu5493W3aQY6WYET8s=","B9jqjXYxhYGsOwZ7u8xShCbysjNVuGUI6BCLrJBpZmw=","bI9ic49dOCmIM3SLw3nlOLCDZD9H4bR7J5dVTF8qOno=","GNhSimq0SNoh2aQANkavF7Zo9RA/hjvWVTAXdZtbORY=","TY5x51OqzHVORsYh16JOparenfxu5vGyjLrU9AHrgrw=","lyhWNsASQRCFtDls9mB9LLVN1Ay5b06djafsi1GiFvY=","w2v87kJcEWGcOKF9z19mF6+vMQ7WP1BzjQI6ctpBKXE=","gZ7hK8z+l8APBEHcl9zY0GW22auoj5IiH2CoMYHYae0=","5AtMbK2LT/U28CkTyBNKs/WO0xEpuWgkswSTtes8ZRI=","ytNFkExEUVeXPP/s96sApsHvReCwhsS6g/TmPybEeVU=","VUs0pbE21++MizK267otwJ9xvnarr0X3F6gMYO7Kyb4=","N9jSa7hViR3z36NOwsPo3ahXqu7zgsD6wBMC6zu1/7g=","z7pALYiFRyx/s66dJIgqGe0lHeBc87x09hho1Rl4OC0=","kgrG0CCkhQFD4w4tGtBzHp3ni144imz4R+Cuo0A366s=","f6+LwmJIV28xPJG9vTIwlYv57+ROE+9Z5wcrXPRFeWs=","Liqqb27PZeeivPfOw04bn/qiCkEXG8gHw4Xy4xI6XbI=","qy898Bj4o7uIHZoNYCOYWGaeKJOivBzgz8ckk5OwfeI=","QKWSmFp1dbiBNf016x1mqVrlKZz9E12ZnpobaSBcd98=","E0U7xeVVA30Szm6EBSxmEqJcwgZeQ0KiiCEmbtkAzg0=","O/C/flNg+LMJ9TX4QfFAaVzu6c8Lg6dweMyuK2FxpeQ=","UL5hlVclFglAWDKMyacdZrg5yE6lBATMhpKFO8ZG7yU=","zQPg/FbNwUw2vQYudcEYy2UxUH4XV+umd24SsxBzg1E=","24UVY6fL8oA/Jy+V4cX0g0bzQ96ycUE2I/CQZzpJIgE=","heURm5RMgKQ38NYloSfw01zRLIpekaGfXdT2kmJZbL4=","gqTJyaoAfIPJ6W8y6iMs8m2y9cz/fBEmjECvllVbnHQ=","2iV7wqd3HvvCc2YZNkbSqZd2IIztn/S7Mc5hYHPyBis=","redkH0tRCWAdw0qraZwhfwMOXoD39mMmTVzQpeLR750=","zkHR3EXA5HK0ZosBB7SUyR2w+2mdAaEn2L1k16iINlI=","XdWKbKpBvVeYsq5MxzM9cnAz8J5UmEKhJZzjP32fU/Q=","EX98jcAIohH6W13aN2UpE2v1PlTtnqGwyhfBYE4cRaY=","hxUKZgEUE9Dz+GJv5Gg0tihBIShQJ/n+9Old2g5ED6I=","+OEJ0XvJvr5xj6x85WvEcMEhZRrtrvTy+qso4lhqe/o=","7w+VDpO7IfkgLKuJvWRgtl6iTdFTMNeJ1a8l6gPj5Jw=","Lw5wZM0txTbL0eqxtydLgRXCx6Zqmn3JHOm7dexBvRU="],"block_size":4096,"path":"lib/three.min.js"},{"block_hashes":["hPw2Y5vJgDDoWA3BxIW6HkYdBlugAbXDI4yW/ozAEfA="],"block_size":4096,"path":"res/bg_simblk.webp"},{"block_hashes":["VfVKXYxU4ecNr8z9WvSGFVWARpWJpTJoZ26s8KPW7Ec=","MDIYpil07lnpAUqjFRdlrNbGYYN1x5vPz2g17xbU+mY=","VkUQtGde0Okx3NG/GTKWttm1mvqxDm4VD0oa1jr3Kfo="],"block_size":4096,"path":"res/bg_sky.webp"},{"block_hashes":["lrCs0WG3AIBnprBxwyPTHd5cn+QfOjhVBU4o57/K9JM=","wuSmPUh5xC2hknVH/Mj42+yl/gq/a9ZxkFKz9Jwdx2c=","GXJG5Ctkw/uOkitaSgaU/yLHhUbNhiAbOttbtMJNGYs=","Fp9mjGJt3Im28i9kDK+jLzuwFniGmpGRAJzO0Do+x8g=","cEjgvb6cPz+3wr4/OMLWCx5jdmw+8NAkmFiTTuOwusI=","Qjon22K0rGmOozFfj2JUucKyrmvhh4RGHtYQgVvZchs=","SrAvF9grmdV3py+1zeYzWzHNnKR23NdYI+W88zVPVa4=","jCmufzuK1oP7t5kq2CiG4mtAtScyTGUvdHLx7V4KlxE=","yw0eQVYd7WJixMNIhm2W22dF0w0YCrIreBD49Z358eY=","OgGpxUrx/OxUrJhyzSXHdBKgCDMF4u1DnumRkFGNPOc=","qNxU3RsUe9w0SK7O19w70GkHkcdpkY8RoM/TuI4XTbA="],"block_size":4096,"path":"res/class_images.webp"},{"block_hashes":["zMJzeXjwexvuq2RT3tQO664jMMgGE2uMTNbGxyrczBo="],"block_size":4096,"path":"res/icon_checkbox.svg"},{"block_hashes":["w/E4Iie9zPZnVI/GB2aSw7JgkvP3THvFA/XcHrz27LM=","0OuKjz9zd01AAqlb57krJgSULwv2+w5YNq/EHB31FU8=","b38taMpj2UPjVQoqbX24CM/OjtJMl40/Bjxy5uOkXxs=","ixffn4Lo8X+ogwUuD6yRjPZSUhsIR6xe/++WbHo0ygU="],"block_size":4096,"path":"res/icon_itemdetails.svg"},{"block_hashes":["k/tQLd8E4/2z9z4Y/gV2DExhQ9L2B8OeQ0zC+F2XGUU="],"block_size":4096,"path":"res/icon_loading.gif"},{"block_hashes":["3/kv4SF9M79y7MaHKrEMaLOqK5kFlbsW0IWlIzQHs/c=","A4VfFJdxKrG0m/RuuA8Fzm21qdd7A3okQ8wubH+3ec0=","LljD+UyR7PVGABxWNwhMvRMv7MCHR3EPIYqIlRkLhhs=","5PefvpRqgdh9mHKiiyF1Hp1Xl/mZEADPE+3uC0+JOKg=","zVW+3GuKNvN/bhzmTTol6BkRm1H/f86tH1sVlBYO9oU=","WoCzQyWHLcVuVv713F7bSJ/3DJBUSyU4NX08Jl7grkk=","JYDw1pIH9owHNVSJRydu3oWXYsdVLxyzZHH8uDDQRnc=","VQh47C1+kulrqoHr12kZC593ROcNmL5Ju0wVf4CZMag=","BwkGo2ZA9GP/MWIA03sUbZqMZ1qQGJ7aV4SJivKsPgQ=","YHo3zKUbws5IcTY8QEj4nlSxSuoedrg+Pwqu6S5GZzI=","pnt7epG1AYBfiDVPVUgGKK80r8va/lTrgnGJRVBRykw=","eZySsJ2gXxk/Nm5shpEQwEq6qm3vIoj6VmNL8F528w0="],"block_size":4096,"path":"res/icon_nav.svg"},{"block_hashes":["4SoYK446JCL+mMyBohoZ6jHaqoW6KenpHw/7AtSJa38=","65kMFiiJoj9YNThaE804ynlMIxdQwwAKNxFGUz2J0N4=","TE0UBa00BlOPsDF0SveOvNH9WiSWi4xRypdSJl0S1J0=","SCf07wM13tgKQq8s7SzcLZJEr5goVtYsRKZezEKRW/o="],"block_size":4096,"path":"res/icon_previewer.svg"}],"version":2}